-- MySQL dump 10.13  Distrib 5.7.22, for Linux (x86_64)
--
-- Host: localhost    Database: onDemandJet
-- ------------------------------------------------------
-- Server version	5.7.22-0ubuntu0.16.04.1

/*!40101 SET @OLD_CHARACTER_SET_CLIENT=@@CHARACTER_SET_CLIENT */;
/*!40101 SET @OLD_CHARACTER_SET_RESULTS=@@CHARACTER_SET_RESULTS */;
/*!40101 SET @OLD_COLLATION_CONNECTION=@@COLLATION_CONNECTION */;
/*!40101 SET NAMES utf8 */;
/*!40103 SET @OLD_TIME_ZONE=@@TIME_ZONE */;
/*!40103 SET TIME_ZONE='+00:00' */;
/*!40014 SET @OLD_UNIQUE_CHECKS=@@UNIQUE_CHECKS, UNIQUE_CHECKS=0 */;
/*!40014 SET @OLD_FOREIGN_KEY_CHECKS=@@FOREIGN_KEY_CHECKS, FOREIGN_KEY_CHECKS=0 */;
/*!40101 SET @OLD_SQL_MODE=@@SQL_MODE, SQL_MODE='NO_AUTO_VALUE_ON_ZERO' */;
/*!40111 SET @OLD_SQL_NOTES=@@SQL_NOTES, SQL_NOTES=0 */;

--
-- Table structure for table `AgentStandings`
--

DROP TABLE IF EXISTS `AgentStandings`;
/*!40101 SET @saved_cs_client     = @@character_set_client */;
/*!40101 SET character_set_client = utf8 */;
CREATE TABLE `AgentStandings` (
  `AgentStandingID` int(11) NOT NULL AUTO_INCREMENT,
  `AgentID` int(11) NOT NULL,
  `StandingID` int(11) NOT NULL,
  PRIMARY KEY (`AgentStandingID`)
) ENGINE=InnoDB AUTO_INCREMENT=8 DEFAULT CHARSET=latin1;
/*!40101 SET character_set_client = @saved_cs_client */;

--
-- Dumping data for table `AgentStandings`
--

LOCK TABLES `AgentStandings` WRITE;
/*!40000 ALTER TABLE `AgentStandings` DISABLE KEYS */;
INSERT INTO `AgentStandings` VALUES (1,71,1),(2,72,1),(3,70,1),(4,73,1),(5,1,1);
/*!40000 ALTER TABLE `AgentStandings` ENABLE KEYS */;
UNLOCK TABLES;

--
-- Table structure for table `Agents`
--

DROP TABLE IF EXISTS `Agents`;
/*!40101 SET @saved_cs_client     = @@character_set_client */;
/*!40101 SET character_set_client = utf8 */;
CREATE TABLE `Agents` (
  `AgentID` int(11) NOT NULL AUTO_INCREMENT,
  `Name` varchar(50) NOT NULL,
  `Initialized` datetime NOT NULL DEFAULT CURRENT_TIMESTAMP,
  `Email` varchar(50) NOT NULL,
  `WorkNumber` text,
  `CellNumber` text,
  `HomeNumber` text,
  `Password` text NOT NULL,
  PRIMARY KEY (`AgentID`),
  UNIQUE KEY `Email` (`Email`)
) ENGINE=InnoDB AUTO_INCREMENT=80 DEFAULT CHARSET=latin1;
/*!40101 SET character_set_client = @saved_cs_client */;

--
-- Dumping data for table `Agents`
--

LOCK TABLES `Agents` WRITE;
/*!40000 ALTER TABLE `Agents` DISABLE KEYS */;
INSERT INTO `Agents` VALUES (1,'Admin','2018-06-16 00:00:00','Peoples.connor@gmail.com','6126362057',NULL,NULL,'$2y$10$EyIxPvccQQtG4A0UvebaQ.rzGn6.CVUdP.fJ4/Zv3V92UwHqZICsa'),(70,'Gandy Wong','2018-06-19 04:05:28','GandyWong@Yahoo.com','','952-200-7983','','$2y$10$C.tWU71qcRBu2VsZx01sTef3lQeUWpX7BX2e6pP3vUWFCgmmL5UlK'),(71,'Brandon','2018-06-19 10:46:08','brandon@ondemandjet.net','1-855-453-8669','1-763-458-2822','brandon@ondemandjet.net','$2y$10$y3ektH.smbya6ghFxWyr2Owsks.dRPq1oN0UqCyLzI4tgGMLaUGoe'),(72,'Erik Nockleby','2018-06-19 10:48:23','eriknockleby@ondemandjet.net','1-855-453-8669','1-651-285-4884','eriknockleby@ondemandjet.net','$2y$10$pNsInN.lrovphyRIr196jeFjVmpj7VVz7SU4J6WxhpMFGd2gYxkki'),(73,'Anthony Rigsby','2018-06-19 10:53:51','info@ondemandjet.net','1-855-453-8669','1-605-690-0304','anthony.wp.rigsby@gmail.com','$2y$10$rfpvcMYjRTEbXzZ4j7dVpOfphacySGhDCSQUS8E2CrJcinmMsDFCa'),(76,'Test Agent','2018-06-26 04:52:40','test@agent.com','3216549875','','','ahdjfdjhsdf'),(77,'Connor Peoples','2018-06-26 23:00:53','Angretlam@gmail.com','6126362057','7634589397','','$2y$10$hBQnL3Jg3Ec4UkAENM8s4uQ4fc5Fghg7hwfLt7qJt3q3mv8/LxcBy'),(78,'','2018-06-26 23:08:06','','','','','$2y$10$GZvhBW426J/POuj4VIOcBOltJvb/uTqo8TVCn5IePdfqxpoZeKXoS'),(79,'Jason Gillen','2018-06-27 01:20:03','gillenjason@gmail.com','','16124812597','','$2y$10$FinG1go2sHyYewPCu8G9n.lo3C0P36L/tWcv6RAIabUHztfhaWhpe');
/*!40000 ALTER TABLE `Agents` ENABLE KEYS */;
UNLOCK TABLES;

--
-- Table structure for table `Auth`
--

DROP TABLE IF EXISTS `Auth`;
/*!40101 SET @saved_cs_client     = @@character_set_client */;
/*!40101 SET character_set_client = utf8 */;
CREATE TABLE `Auth` (
  `AuthID` int(11) NOT NULL AUTO_INCREMENT,
  `AgentID` int(11) NOT NULL,
  `RoleID` int(11) NOT NULL,
  PRIMARY KEY (`AuthID`)
) ENGINE=InnoDB AUTO_INCREMENT=46 DEFAULT CHARSET=latin1;
/*!40101 SET character_set_client = @saved_cs_client */;

--
-- Dumping data for table `Auth`
--

LOCK TABLES `Auth` WRITE;
/*!40000 ALTER TABLE `Auth` DISABLE KEYS */;
INSERT INTO `Auth` VALUES (1,1,1),(2,1,2),(19,58,2),(32,70,1),(33,70,2),(34,71,2),(35,72,2),(36,73,2),(37,74,2),(38,75,2),(39,76,1),(40,76,2),(41,77,2),(42,78,2),(43,78,1),(44,77,1),(45,79,2);
/*!40000 ALTER TABLE `Auth` ENABLE KEYS */;
UNLOCK TABLES;

--
-- Table structure for table `ClientStatus`
--

DROP TABLE IF EXISTS `ClientStatus`;
/*!40101 SET @saved_cs_client     = @@character_set_client */;
/*!40101 SET character_set_client = utf8 */;
CREATE TABLE `ClientStatus` (
  `ClientStatus` int(11) NOT NULL AUTO_INCREMENT,
  `ClientID` int(11) NOT NULL,
  `StatusID` int(11) NOT NULL,
  PRIMARY KEY (`ClientStatus`),
  UNIQUE KEY `ClientID` (`ClientID`)
) ENGINE=InnoDB AUTO_INCREMENT=3 DEFAULT CHARSET=latin1;
/*!40101 SET character_set_client = @saved_cs_client */;

--
-- Dumping data for table `ClientStatus`
--

LOCK TABLES `ClientStatus` WRITE;
/*!40000 ALTER TABLE `ClientStatus` DISABLE KEYS */;
INSERT INTO `ClientStatus` VALUES (1,8,2),(2,9,0);
/*!40000 ALTER TABLE `ClientStatus` ENABLE KEYS */;
UNLOCK TABLES;

--
-- Table structure for table `Clients`
--

DROP TABLE IF EXISTS `Clients`;
/*!40101 SET @saved_cs_client     = @@character_set_client */;
/*!40101 SET character_set_client = utf8 */;
CREATE TABLE `Clients` (
  `ClientID` int(11) NOT NULL AUTO_INCREMENT,
  `Name` varchar(30) NOT NULL,
  `WorkNumber` varchar(20) DEFAULT NULL,
  `HomeNumber` varchar(20) DEFAULT NULL,
  `CellNumber` varchar(20) DEFAULT NULL,
  `Email` text,
  `StreetAddress` text,
  `Suite` text,
  `Zipcode` int(11) DEFAULT NULL,
  `State` varchar(15) DEFAULT NULL,
  PRIMARY KEY (`ClientID`),
  UNIQUE KEY `Name` (`Name`)
) ENGINE=InnoDB AUTO_INCREMENT=10 DEFAULT CHARSET=latin1;
/*!40101 SET character_set_client = @saved_cs_client */;

--
-- Dumping data for table `Clients`
--

LOCK TABLES `Clients` WRITE;
/*!40000 ALTER TABLE `Clients` DISABLE KEYS */;
INSERT INTO `Clients` VALUES (8,'Test','3214569870','35712594568','1236547890','Test@Test.Test','','73546',NULL,'OH'),(9,'test234','','','','','','',NULL,'');
/*!40000 ALTER TABLE `Clients` ENABLE KEYS */;
UNLOCK TABLES;

--
-- Table structure for table `Notes`
--

DROP TABLE IF EXISTS `Notes`;
/*!40101 SET @saved_cs_client     = @@character_set_client */;
/*!40101 SET character_set_client = utf8 */;
CREATE TABLE `Notes` (
  `NoteID` int(11) NOT NULL AUTO_INCREMENT,
  `AgentID` int(11) NOT NULL,
  `ClientID` int(11) NOT NULL,
  `Note` text NOT NULL,
  `Date` timestamp NOT NULL DEFAULT CURRENT_TIMESTAMP,
  PRIMARY KEY (`NoteID`)
) ENGINE=InnoDB AUTO_INCREMENT=10 DEFAULT CHARSET=latin1;
/*!40101 SET character_set_client = @saved_cs_client */;

--
-- Dumping data for table `Notes`
--

LOCK TABLES `Notes` WRITE;
/*!40000 ALTER TABLE `Notes` DISABLE KEYS */;
INSERT INTO `Notes` VALUES (1,1,1,'asdf','2018-06-18 05:27:37'),(2,1,1,'fdsa\r\n','2018-06-18 05:39:04'),(3,1,1,'This is yet another note.','2018-06-18 05:39:13'),(4,1,5,'This is an exemplary note.','2018-06-19 03:30:54'),(5,1,5,'Gandy, this is another note. As an example.','2018-06-19 04:11:43'),(6,1,8,'Test note 123.\r\n\r\n','2018-06-22 04:46:32'),(7,1,8,'Updated and added the Client Status page.','2018-06-22 05:00:47'),(8,1,8,'Testing after changes.','2018-06-24 05:26:22'),(9,70,8,'hi\r\ntest','2018-06-27 01:08:35');
/*!40000 ALTER TABLE `Notes` ENABLE KEYS */;
UNLOCK TABLES;

--
-- Table structure for table `Relations`
--

DROP TABLE IF EXISTS `Relations`;
/*!40101 SET @saved_cs_client     = @@character_set_client */;
/*!40101 SET character_set_client = utf8 */;
CREATE TABLE `Relations` (
  `RelationID` int(11) NOT NULL AUTO_INCREMENT,
  `ClientID` int(11) NOT NULL,
  `AgentID` int(11) DEFAULT NULL,
  PRIMARY KEY (`RelationID`),
  UNIQUE KEY `ClientID` (`ClientID`)
) ENGINE=InnoDB AUTO_INCREMENT=5 DEFAULT CHARSET=latin1;
/*!40101 SET character_set_client = @saved_cs_client */;

--
-- Dumping data for table `Relations`
--

LOCK TABLES `Relations` WRITE;
/*!40000 ALTER TABLE `Relations` DISABLE KEYS */;
INSERT INTO `Relations` VALUES (3,8,71),(4,9,0);
/*!40000 ALTER TABLE `Relations` ENABLE KEYS */;
UNLOCK TABLES;

--
-- Table structure for table `Roles`
--

DROP TABLE IF EXISTS `Roles`;
/*!40101 SET @saved_cs_client     = @@character_set_client */;
/*!40101 SET character_set_client = utf8 */;
CREATE TABLE `Roles` (
  `RoleID` int(11) NOT NULL AUTO_INCREMENT,
  `RoleName` varchar(15) NOT NULL,
  PRIMARY KEY (`RoleID`)
) ENGINE=InnoDB AUTO_INCREMENT=3 DEFAULT CHARSET=latin1;
/*!40101 SET character_set_client = @saved_cs_client */;

--
-- Dumping data for table `Roles`
--

LOCK TABLES `Roles` WRITE;
/*!40000 ALTER TABLE `Roles` DISABLE KEYS */;
INSERT INTO `Roles` VALUES (1,'Admin'),(2,'User');
/*!40000 ALTER TABLE `Roles` ENABLE KEYS */;
UNLOCK TABLES;

--
-- Table structure for table `Standings`
--

DROP TABLE IF EXISTS `Standings`;
/*!40101 SET @saved_cs_client     = @@character_set_client */;
/*!40101 SET character_set_client = utf8 */;
CREATE TABLE `Standings` (
  `StandingID` int(11) NOT NULL AUTO_INCREMENT,
  `StandingName` varchar(15) NOT NULL,
  PRIMARY KEY (`StandingID`)
) ENGINE=InnoDB AUTO_INCREMENT=4 DEFAULT CHARSET=latin1;
/*!40101 SET character_set_client = @saved_cs_client */;

--
-- Dumping data for table `Standings`
--

LOCK TABLES `Standings` WRITE;
/*!40000 ALTER TABLE `Standings` DISABLE KEYS */;
INSERT INTO `Standings` VALUES (1,'Active'),(2,'Inactive'),(3,'Vacation');
/*!40000 ALTER TABLE `Standings` ENABLE KEYS */;
UNLOCK TABLES;

--
-- Table structure for table `Status`
--

DROP TABLE IF EXISTS `Status`;
/*!40101 SET @saved_cs_client     = @@character_set_client */;
/*!40101 SET character_set_client = utf8 */;
CREATE TABLE `Status` (
  `StatusID` int(11) NOT NULL AUTO_INCREMENT,
  `StatusName` varchar(15) NOT NULL,
  PRIMARY KEY (`StatusID`)
) ENGINE=InnoDB AUTO_INCREMENT=5 DEFAULT CHARSET=latin1;
/*!40101 SET character_set_client = @saved_cs_client */;

--
-- Dumping data for table `Status`
--

LOCK TABLES `Status` WRITE;
/*!40000 ALTER TABLE `Status` DISABLE KEYS */;
INSERT INTO `Status` VALUES (1,'Hot'),(2,'Warm'),(3,'Cool'),(4,'Active');
/*!40000 ALTER TABLE `Status` ENABLE KEYS */;
UNLOCK TABLES;
/*!40103 SET TIME_ZONE=@OLD_TIME_ZONE */;

/*!40101 SET SQL_MODE=@OLD_SQL_MODE */;
/*!40014 SET FOREIGN_KEY_CHECKS=@OLD_FOREIGN_KEY_CHECKS */;
/*!40014 SET UNIQUE_CHECKS=@OLD_UNIQUE_CHECKS */;
/*!40101 SET CHARACTER_SET_CLIENT=@OLD_CHARACTER_SET_CLIENT */;
/*!40101 SET CHARACTER_SET_RESULTS=@OLD_CHARACTER_SET_RESULTS */;
/*!40101 SET COLLATION_CONNECTION=@OLD_COLLATION_CONNECTION */;
/*!40111 SET SQL_NOTES=@OLD_SQL_NOTES */;

-- Dump completed on 2018-06-27  3:14:27
